tool,week_index,commits
LangChain,0,69
LangChain,1,31
LangChain,2,29
LangChain,3,29
LangChain,4,73
LangChain,5,81
LangChain,6,46
LangChain,7,49
LangChain,8,112
LangChain,9,82
LangChain,10,86
LangChain,11,39
LangChain,12,46
LangChain,13,51
LangChain,14,33
LangChain,15,25
LangChain,16,22
LangChain,17,44
LangChain,18,67
LangChain,19,31
LangChain,20,39
LangChain,21,40
LangChain,22,68
LangChain,23,26
LangChain,24,29
LangChain,25,44
LangChain,26,83
LangChain,27,45
LangChain,28,33
LangChain,29,35
LangChain,30,47
LangChain,31,75
LangChain,32,25
LangChain,33,62
LangChain,34,46
LangChain,35,37
LangChain,36,68
LangChain,37,38
LangChain,38,53
LangChain,39,63
LangChain,40,88
LangChain,41,35
LangChain,42,28
LangChain,43,63
LangChain,44,69
LangChain,45,111
LangChain,46,32
LangChain,47,31
LangChain,48,29
LangChain,49,31
LangChain,50,31
LangChain,51,48
CrewAI,0,12
CrewAI,1,27
CrewAI,2,13
CrewAI,3,13
CrewAI,4,23
CrewAI,5,9
CrewAI,6,37
CrewAI,7,9
CrewAI,8,13
CrewAI,9,8
CrewAI,10,18
CrewAI,11,10
CrewAI,12,8
CrewAI,13,18
CrewAI,14,7
CrewAI,15,16
CrewAI,16,13
CrewAI,17,16
CrewAI,18,13
CrewAI,19,5
CrewAI,20,4
CrewAI,21,10
CrewAI,22,11
CrewAI,23,12
CrewAI,24,19
CrewAI,25,26
CrewAI,26,16
CrewAI,27,10
CrewAI,28,14
CrewAI,29,33
CrewAI,30,13
CrewAI,31,28
CrewAI,32,49
CrewAI,33,46
CrewAI,34,65
CrewAI,35,42
CrewAI,36,42
CrewAI,37,31
CrewAI,38,31
CrewAI,39,22
CrewAI,40,19
CrewAI,41,28
CrewAI,42,28
CrewAI,43,26
CrewAI,44,38
CrewAI,45,35
CrewAI,46,40
CrewAI,47,12
CrewAI,48,16
CrewAI,49,22
CrewAI,50,23
CrewAI,51,30
LlamaIndex,0,42
LlamaIndex,1,27
LlamaIndex,2,21
LlamaIndex,3,16
LlamaIndex,4,37
LlamaIndex,5,29
LlamaIndex,6,17
LlamaIndex,7,30
LlamaIndex,8,44
LlamaIndex,9,26
LlamaIndex,10,10
LlamaIndex,11,32
LlamaIndex,12,24
LlamaIndex,13,16
LlamaIndex,14,17
LlamaIndex,15,11
LlamaIndex,16,12
LlamaIndex,17,9
LlamaIndex,18,17
LlamaIndex,19,11
LlamaIndex,20,13
LlamaIndex,21,11
LlamaIndex,22,13
LlamaIndex,23,12
LlamaIndex,24,36
LlamaIndex,25,22
LlamaIndex,26,32
LlamaIndex,27,35
LlamaIndex,28,31
LlamaIndex,29,28
LlamaIndex,30,28
LlamaIndex,31,54
LlamaIndex,32,22
LlamaIndex,33,25
LlamaIndex,34,24
LlamaIndex,35,0
LlamaIndex,36,12
LlamaIndex,37,12
LlamaIndex,38,5
LlamaIndex,39,6
LlamaIndex,40,37
LlamaIndex,41,1
LlamaIndex,42,14
LlamaIndex,43,6
LlamaIndex,44,3
LlamaIndex,45,2
LlamaIndex,46,8
LlamaIndex,47,15
LlamaIndex,48,0
LlamaIndex,49,13
LlamaIndex,50,3
LlamaIndex,51,13
AutoGen,0,4
AutoGen,1,14
AutoGen,2,0
AutoGen,3,3
AutoGen,4,0
AutoGen,5,8
AutoGen,6,3
AutoGen,7,4
AutoGen,8,4
AutoGen,9,0
AutoGen,10,0
AutoGen,11,0
AutoGen,12,0
AutoGen,13,0
AutoGen,14,0
AutoGen,15,0
AutoGen,16,0
AutoGen,17,0
AutoGen,18,0
AutoGen,19,0
AutoGen,20,0
AutoGen,21,0
AutoGen,22,0
AutoGen,23,0
AutoGen,24,0
AutoGen,25,0
AutoGen,26,0
AutoGen,27,0
AutoGen,28,0
AutoGen,29,0
AutoGen,30,1
AutoGen,31,0
AutoGen,32,0
AutoGen,33,1
AutoGen,34,1
AutoGen,35,0
AutoGen,36,0
AutoGen,37,0
AutoGen,38,0
AutoGen,39,0
AutoGen,40,0
AutoGen,41,0
AutoGen,42,0
AutoGen,43,0
AutoGen,44,0
AutoGen,45,0
AutoGen,46,0
AutoGen,47,0
AutoGen,48,0
AutoGen,49,0
AutoGen,50,0
AutoGen,51,0
SemanticKernel,0,16
SemanticKernel,1,10
SemanticKernel,2,11
SemanticKernel,3,15
SemanticKernel,4,11
SemanticKernel,5,10
SemanticKernel,6,3
SemanticKernel,7,2
SemanticKernel,8,7
SemanticKernel,9,4
SemanticKernel,10,4
SemanticKernel,11,9
SemanticKernel,12,22
SemanticKernel,13,6
SemanticKernel,14,2
SemanticKernel,15,4
SemanticKernel,16,14
SemanticKernel,17,2
SemanticKernel,18,1
SemanticKernel,19,1
SemanticKernel,20,0
SemanticKernel,21,0
SemanticKernel,22,2
SemanticKernel,23,8
SemanticKernel,24,12
SemanticKernel,25,9
SemanticKernel,26,16
SemanticKernel,27,3
SemanticKernel,28,7
SemanticKernel,29,8
SemanticKernel,30,3
SemanticKernel,31,12
SemanticKernel,32,16
SemanticKernel,33,2
SemanticKernel,34,8
SemanticKernel,35,0
SemanticKernel,36,7
SemanticKernel,37,4
SemanticKernel,38,16
SemanticKernel,39,12
SemanticKernel,40,4
SemanticKernel,41,3
SemanticKernel,42,1
SemanticKernel,43,1
SemanticKernel,44,23
SemanticKernel,45,3
SemanticKernel,46,7
SemanticKernel,47,5
SemanticKernel,48,3
SemanticKernel,49,3
SemanticKernel,50,9
SemanticKernel,51,4
Haystack,0,14
Haystack,1,14
Haystack,2,4
Haystack,3,10
Haystack,4,11
Haystack,5,7
Haystack,6,10
Haystack,7,7
Haystack,8,4
Haystack,9,18
Haystack,10,25
Haystack,11,30
Haystack,12,36
Haystack,13,32
Haystack,14,19
Haystack,15,31
Haystack,16,33
Haystack,17,22
Haystack,18,25
Haystack,19,20
Haystack,20,5
Haystack,21,21
Haystack,22,64
Haystack,23,19
Haystack,24,35
Haystack,25,26
Haystack,26,37
Haystack,27,37
Haystack,28,35
Haystack,29,33
Haystack,30,47
Haystack,31,55
Haystack,32,32
Haystack,33,57
Haystack,34,17
Haystack,35,28
Haystack,36,45
Haystack,37,30
Haystack,38,26
Haystack,39,36
Haystack,40,26
Haystack,41,35
Haystack,42,44
Haystack,43,51
Haystack,44,66
Haystack,45,73
Haystack,46,63
Haystack,47,45
Haystack,48,75
Haystack,49,84
Haystack,50,49
Haystack,51,57
DSPy,0,30
DSPy,1,17
DSPy,2,13
DSPy,3,16
DSPy,4,16
DSPy,5,12
DSPy,6,13
DSPy,7,14
DSPy,8,12
DSPy,9,5
DSPy,10,7
DSPy,11,11
DSPy,12,7
DSPy,13,11
DSPy,14,14
DSPy,15,5
DSPy,16,1
DSPy,17,6
DSPy,18,0
DSPy,19,7
DSPy,20,2
DSPy,21,5
DSPy,22,1
DSPy,23,18
DSPy,24,6
DSPy,25,5
DSPy,26,17
DSPy,27,3
DSPy,28,10
DSPy,29,11
DSPy,30,15
DSPy,31,8
DSPy,32,7
DSPy,33,8
DSPy,34,0
DSPy,35,13
DSPy,36,18
DSPy,37,13
DSPy,38,13
DSPy,39,15
DSPy,40,7
DSPy,41,22
DSPy,42,8
DSPy,43,5
DSPy,44,10
DSPy,45,0
DSPy,46,0
DSPy,47,1
DSPy,48,21
DSPy,49,2
DSPy,50,13
DSPy,51,13
LiteLLM,0,193
LiteLLM,1,194
LiteLLM,2,178
LiteLLM,3,234
LiteLLM,4,225
LiteLLM,5,231
LiteLLM,6,357
LiteLLM,7,418
LiteLLM,8,303
LiteLLM,9,277
LiteLLM,10,202
LiteLLM,11,204
LiteLLM,12,172
LiteLLM,13,255
LiteLLM,14,236
LiteLLM,15,377
LiteLLM,16,245
LiteLLM,17,427
LiteLLM,18,436
LiteLLM,19,345
LiteLLM,20,90
LiteLLM,21,364
LiteLLM,22,437
LiteLLM,23,555
LiteLLM,24,424
LiteLLM,25,446
LiteLLM,26,484
LiteLLM,27,736
LiteLLM,28,768
LiteLLM,29,772
LiteLLM,30,666
LiteLLM,31,732
LiteLLM,32,445
LiteLLM,33,318
LiteLLM,34,203
LiteLLM,35,502
LiteLLM,36,470
LiteLLM,37,484
LiteLLM,38,703
LiteLLM,39,190
LiteLLM,40,129
LiteLLM,41,86
LiteLLM,42,121
LiteLLM,43,130
LiteLLM,44,90
LiteLLM,45,120
LiteLLM,46,217
LiteLLM,47,309
LiteLLM,48,516
LiteLLM,49,459
LiteLLM,50,348
LiteLLM,51,534
Instructor,0,4
Instructor,1,1
Instructor,2,18
Instructor,3,21
Instructor,4,19
Instructor,5,10
Instructor,6,0
Instructor,7,20
Instructor,8,10
Instructor,9,2
Instructor,10,0
Instructor,11,15
Instructor,12,1
Instructor,13,5
Instructor,14,0
Instructor,15,5
Instructor,16,1
Instructor,17,0
Instructor,18,0
Instructor,19,0
Instructor,20,8
Instructor,21,2
Instructor,22,13
Instructor,23,8
Instructor,24,3
Instructor,25,4
Instructor,26,5
Instructor,27,0
Instructor,28,4
Instructor,29,0
Instructor,30,2
Instructor,31,1
Instructor,32,0
Instructor,33,1
Instructor,34,8
Instructor,35,5
Instructor,36,0
Instructor,37,0
Instructor,38,0
Instructor,39,5
Instructor,40,1
Instructor,41,0
Instructor,42,0
Instructor,43,3
Instructor,44,1
Instructor,45,0
Instructor,46,2
Instructor,47,0
Instructor,48,2
Instructor,49,0
Instructor,50,3
Instructor,51,13
Phidata,0,30
Phidata,1,19
Phidata,2,24
Phidata,3,16
Phidata,4,41
Phidata,5,76
Phidata,6,71
Phidata,7,38
Phidata,8,46
Phidata,9,99
Phidata,10,68
Phidata,11,55
Phidata,12,52
Phidata,13,35
Phidata,14,35
Phidata,15,39
Phidata,16,42
Phidata,17,54
Phidata,18,52
Phidata,19,61
Phidata,20,2
Phidata,21,26
Phidata,22,40
Phidata,23,30
Phidata,24,57
Phidata,25,25
Phidata,26,29
Phidata,27,80
Phidata,28,57
Phidata,29,27
Phidata,30,29
Phidata,31,20
Phidata,32,22
Phidata,33,33
Phidata,34,29
Phidata,35,32
Phidata,36,16
Phidata,37,66
Phidata,38,21
Phidata,39,37
Phidata,40,34
Phidata,41,39
Phidata,42,37
Phidata,43,28
Phidata,44,19
Phidata,45,32
Phidata,46,29
Phidata,47,29
Phidata,48,58
Phidata,49,47
Phidata,50,22
Phidata,51,17
Mem0,0,19
Mem0,1,15
Mem0,2,10
Mem0,3,14
Mem0,4,7
Mem0,5,5
Mem0,6,7
Mem0,7,12
Mem0,8,6
Mem0,9,11
Mem0,10,18
Mem0,11,10
Mem0,12,7
Mem0,13,3
Mem0,14,6
Mem0,15,1
Mem0,16,1
Mem0,17,3
Mem0,18,5
Mem0,19,0
Mem0,20,3
Mem0,21,1
Mem0,22,5
Mem0,23,0
Mem0,24,0
Mem0,25,3
Mem0,26,0
Mem0,27,3
Mem0,28,6
Mem0,29,2
Mem0,30,7
Mem0,31,38
Mem0,32,55
Mem0,33,54
Mem0,34,37
Mem0,35,33
Mem0,36,21
Mem0,37,19
Mem0,38,3
Mem0,39,9
Mem0,40,13
Mem0,41,22
Mem0,42,10
Mem0,43,29
Mem0,44,65
Mem0,45,59
Mem0,46,54
Mem0,47,30
Mem0,48,27
Mem0,49,24
Mem0,50,16
Mem0,51,38
vLLM,0,219
vLLM,1,200
vLLM,2,223
vLLM,3,160
vLLM,4,196
vLLM,5,246
vLLM,6,284
vLLM,7,194
vLLM,8,205
vLLM,9,233
vLLM,10,182
vLLM,11,170
vLLM,12,169
vLLM,13,209
vLLM,14,230
vLLM,15,243
vLLM,16,213
vLLM,17,225
vLLM,18,215
vLLM,19,174
vLLM,20,81
vLLM,21,149
vLLM,22,239
vLLM,23,167
vLLM,24,213
vLLM,25,240
vLLM,26,243
vLLM,27,174
vLLM,28,189
vLLM,29,273
vLLM,30,257
vLLM,31,249
vLLM,32,254
vLLM,33,205
vLLM,34,159
vLLM,35,203
vLLM,36,202
vLLM,37,185
vLLM,38,162
vLLM,39,238
vLLM,40,207
vLLM,41,187
vLLM,42,250
vLLM,43,229
vLLM,44,275
vLLM,45,276
vLLM,46,296
vLLM,47,259
vLLM,48,199
vLLM,49,232
vLLM,50,297
vLLM,51,273
Ollama,0,17
Ollama,1,29
Ollama,2,13
Ollama,3,8
Ollama,4,18
Ollama,5,26
Ollama,6,26
Ollama,7,16
Ollama,8,29
Ollama,9,33
Ollama,10,24
Ollama,11,28
Ollama,12,38
Ollama,13,36
Ollama,14,38
Ollama,15,7
Ollama,16,14
Ollama,17,23
Ollama,18,34
Ollama,19,7
Ollama,20,0
Ollama,21,11
Ollama,22,32
Ollama,23,28
Ollama,24,27
Ollama,25,30
Ollama,26,28
Ollama,27,26
Ollama,28,25
Ollama,29,25
Ollama,30,28
Ollama,31,35
Ollama,32,21
Ollama,33,24
Ollama,34,32
Ollama,35,37
Ollama,36,25
Ollama,37,12
Ollama,38,14
Ollama,39,10
Ollama,40,16
Ollama,41,4
Ollama,42,43
Ollama,43,19
Ollama,44,13
Ollama,45,17
Ollama,46,13
Ollama,47,20
Ollama,48,14
Ollama,49,29
Ollama,50,24
Ollama,51,8
TGI,0,0
TGI,1,4
TGI,2,4
TGI,3,2
TGI,4,6
TGI,5,2
TGI,6,0
TGI,7,0
TGI,8,0
TGI,9,0
TGI,10,0
TGI,11,0
TGI,12,0
TGI,13,0
TGI,14,2
TGI,15,0
TGI,16,0
TGI,17,0
TGI,18,3
TGI,19,1
TGI,20,0
TGI,21,0
TGI,22,1
TGI,23,0
TGI,24,0
TGI,25,0
TGI,26,0
TGI,27,0
TGI,28,0
TGI,29,0
TGI,30,0
TGI,31,0
TGI,32,1
TGI,33,0
TGI,34,0
TGI,35,0
TGI,36,0
TGI,37,0
TGI,38,0
TGI,39,0
TGI,40,0
TGI,41,0
TGI,42,0
TGI,43,0
TGI,44,0
TGI,45,0
TGI,46,0
TGI,47,0
TGI,48,0
TGI,49,0
TGI,50,0
TGI,51,0
LlamaCpp,0,46
LlamaCpp,1,68
LlamaCpp,2,82
LlamaCpp,3,72
LlamaCpp,4,72
LlamaCpp,5,58
LlamaCpp,6,68
LlamaCpp,7,92
LlamaCpp,8,51
LlamaCpp,9,60
LlamaCpp,10,47
LlamaCpp,11,58
LlamaCpp,12,82
LlamaCpp,13,80
LlamaCpp,14,66
LlamaCpp,15,61
LlamaCpp,16,92
LlamaCpp,17,95
LlamaCpp,18,108
LlamaCpp,19,71
LlamaCpp,20,63
LlamaCpp,21,68
LlamaCpp,22,72
LlamaCpp,23,62
LlamaCpp,24,66
LlamaCpp,25,74
LlamaCpp,26,67
LlamaCpp,27,89
LlamaCpp,28,60
LlamaCpp,29,46
LlamaCpp,30,101
LlamaCpp,31,113
LlamaCpp,32,115
LlamaCpp,33,96
LlamaCpp,34,93
LlamaCpp,35,88
LlamaCpp,36,84
LlamaCpp,37,89
LlamaCpp,38,68
LlamaCpp,39,97
LlamaCpp,40,117
LlamaCpp,41,108
LlamaCpp,42,125
LlamaCpp,43,96
LlamaCpp,44,100
LlamaCpp,45,92
LlamaCpp,46,75
LlamaCpp,47,75
LlamaCpp,48,100
LlamaCpp,49,67
LlamaCpp,50,82
LlamaCpp,51,107
LMStudio,0,6
LMStudio,1,3
LMStudio,2,2
LMStudio,3,0
LMStudio,4,0
LMStudio,5,0
LMStudio,6,0
LMStudio,7,0
LMStudio,8,0
LMStudio,9,0
LMStudio,10,3
LMStudio,11,1
LMStudio,12,0
LMStudio,13,0
LMStudio,14,0
LMStudio,15,0
LMStudio,16,0
LMStudio,17,0
LMStudio,18,0
LMStudio,19,0
LMStudio,20,0
LMStudio,21,0
LMStudio,22,0
LMStudio,23,0
LMStudio,24,0
LMStudio,25,0
LMStudio,26,0
LMStudio,27,0
LMStudio,28,0
LMStudio,29,0
LMStudio,30,0
LMStudio,31,0
LMStudio,32,0
LMStudio,33,0
LMStudio,34,0
LMStudio,35,0
LMStudio,36,0
LMStudio,37,0
LMStudio,38,0
LMStudio,39,0
LMStudio,40,0
LMStudio,41,0
LMStudio,42,0
LMStudio,43,0
LMStudio,44,0
LMStudio,45,0
LMStudio,46,0
LMStudio,47,0
LMStudio,48,0
LMStudio,49,0
LMStudio,50,0
LMStudio,51,0
Chroma,0,36
Chroma,1,42
Chroma,2,14
Chroma,3,22
Chroma,4,24
Chroma,5,41
Chroma,6,15
Chroma,7,12
Chroma,8,23
Chroma,9,33
Chroma,10,93
Chroma,11,38
Chroma,12,27
Chroma,13,15
Chroma,14,19
Chroma,15,28
Chroma,16,15
Chroma,17,39
Chroma,18,31
Chroma,19,32
Chroma,20,4
Chroma,21,12
Chroma,22,30
Chroma,23,33
Chroma,24,20
Chroma,25,75
Chroma,26,41
Chroma,27,33
Chroma,28,21
Chroma,29,25
Chroma,30,52
Chroma,31,33
Chroma,32,22
Chroma,33,23
Chroma,34,26
Chroma,35,26
Chroma,36,10
Chroma,37,34
Chroma,38,12
Chroma,39,14
Chroma,40,13
Chroma,41,25
Chroma,42,46
Chroma,43,8
Chroma,44,22
Chroma,45,8
Chroma,46,21
Chroma,47,28
Chroma,48,16
Chroma,49,22
Chroma,50,11
Chroma,51,7
Pinecone,0,0
Pinecone,1,0
Pinecone,2,0
Pinecone,3,0
Pinecone,4,0
Pinecone,5,0
Pinecone,6,0
Pinecone,7,0
Pinecone,8,0
Pinecone,9,0
Pinecone,10,0
Pinecone,11,0
Pinecone,12,13
Pinecone,13,1
Pinecone,14,24
Pinecone,15,0
Pinecone,16,0
Pinecone,17,0
Pinecone,18,0
Pinecone,19,0
Pinecone,20,0
Pinecone,21,1
Pinecone,22,2
Pinecone,23,0
Pinecone,24,1
Pinecone,25,4
Pinecone,26,4
Pinecone,27,2
Pinecone,28,2
Pinecone,29,0
Pinecone,30,0
Pinecone,31,0
Pinecone,32,0
Pinecone,33,7
Pinecone,34,419
Pinecone,35,276
Pinecone,36,345
Pinecone,37,109
Pinecone,38,218
Pinecone,39,22
Pinecone,40,61
Pinecone,41,0
Pinecone,42,46
Pinecone,43,0
Pinecone,44,0
Pinecone,45,0
Pinecone,46,0
Pinecone,47,0
Pinecone,48,0
Pinecone,49,0
Pinecone,50,0
Pinecone,51,0
Milvus,0,25
Milvus,1,38
Milvus,2,48
Milvus,3,46
Milvus,4,42
Milvus,5,46
Milvus,6,44
Milvus,7,32
Milvus,8,0
Milvus,9,59
Milvus,10,55
Milvus,11,35
Milvus,12,46
Milvus,13,48
Milvus,14,33
Milvus,15,52
Milvus,16,43
Milvus,17,59
Milvus,18,39
Milvus,19,49
Milvus,20,54
Milvus,21,43
Milvus,22,58
Milvus,23,47
Milvus,24,40
Milvus,25,48
Milvus,26,44
Milvus,27,7
Milvus,28,16
Milvus,29,49
Milvus,30,43
Milvus,31,47
Milvus,32,46
Milvus,33,63
Milvus,34,62
Milvus,35,44
Milvus,36,59
Milvus,37,63
Milvus,38,16
Milvus,39,52
Milvus,40,58
Milvus,41,33
Milvus,42,43
Milvus,43,47
Milvus,44,66
Milvus,45,42
Milvus,46,68
Milvus,47,52
Milvus,48,54
Milvus,49,72
Milvus,50,66
Milvus,51,36
Qdrant,0,42
Qdrant,1,44
Qdrant,2,42
Qdrant,3,29
Qdrant,4,26
Qdrant,5,24
Qdrant,6,17
Qdrant,7,21
Qdrant,8,20
Qdrant,9,29
Qdrant,10,19
Qdrant,11,33
Qdrant,12,10
Qdrant,13,20
Qdrant,14,24
Qdrant,15,32
Qdrant,16,41
Qdrant,17,35
Qdrant,18,45
Qdrant,19,26
Qdrant,20,12
Qdrant,21,22
Qdrant,22,30
Qdrant,23,36
Qdrant,24,29
Qdrant,25,31
Qdrant,26,41
Qdrant,27,42
Qdrant,28,42
Qdrant,29,33
Qdrant,30,43
Qdrant,31,41
Qdrant,32,50
Qdrant,33,46
Qdrant,34,24
Qdrant,35,33
Qdrant,36,59
Qdrant,37,56
Qdrant,38,80
Qdrant,39,68
Qdrant,40,44
Qdrant,41,59
Qdrant,42,62
Qdrant,43,90
Qdrant,44,52
Qdrant,45,40
Qdrant,46,56
Qdrant,47,75
Qdrant,48,85
Qdrant,49,61
Qdrant,50,37
Qdrant,51,33
Weaviate,0,105
Weaviate,1,98
Weaviate,2,117
Weaviate,3,108
Weaviate,4,131
Weaviate,5,137
Weaviate,6,139
Weaviate,7,41
Weaviate,8,84
Weaviate,9,108
Weaviate,10,104
Weaviate,11,108
Weaviate,12,171
Weaviate,13,39
Weaviate,14,79
Weaviate,15,160
Weaviate,16,234
Weaviate,17,219
Weaviate,18,136
Weaviate,19,79
Weaviate,20,47
Weaviate,21,116
Weaviate,22,158
Weaviate,23,127
Weaviate,24,165
Weaviate,25,125
Weaviate,26,162
Weaviate,27,143
Weaviate,28,184
Weaviate,29,123
Weaviate,30,163
Weaviate,31,227
Weaviate,32,157
Weaviate,33,110
Weaviate,34,64
Weaviate,35,148
Weaviate,36,91
Weaviate,37,131
Weaviate,38,128
Weaviate,39,220
Weaviate,40,184
Weaviate,41,228
Weaviate,42,228
Weaviate,43,59
Weaviate,44,129
Weaviate,45,229
Weaviate,46,182
Weaviate,47,262
Weaviate,48,273
Weaviate,49,351
Weaviate,50,219
Weaviate,51,127
Flowise,0,17
Flowise,1,12
Flowise,2,1
Flowise,3,2
Flowise,4,10
Flowise,5,15
Flowise,6,6
Flowise,7,12
Flowise,8,10
Flowise,9,0
Flowise,10,4
Flowise,11,11
Flowise,12,20
Flowise,13,15
Flowise,14,9
Flowise,15,15
Flowise,16,13
Flowise,17,5
Flowise,18,2
Flowise,19,2
Flowise,20,0
Flowise,21,1
Flowise,22,4
Flowise,23,13
Flowise,24,2
Flowise,25,11
Flowise,26,8
Flowise,27,11
Flowise,28,37
Flowise,29,25
Flowise,30,20
Flowise,31,22
Flowise,32,26
Flowise,33,28
Flowise,34,23
Flowise,35,24
Flowise,36,15
Flowise,37,18
Flowise,38,23
Flowise,39,7
Flowise,40,3
Flowise,41,2
Flowise,42,5
Flowise,43,2
Flowise,44,3
Flowise,45,2
Flowise,46,5
Flowise,47,1
Flowise,48,4
Flowise,49,2
Flowise,50,7
Flowise,51,3
Langflow,0,19
Langflow,1,22
Langflow,2,46
Langflow,3,18
Langflow,4,13
Langflow,5,30
Langflow,6,18
Langflow,7,42
Langflow,8,55
Langflow,9,44
Langflow,10,31
Langflow,11,21
Langflow,12,25
Langflow,13,23
Langflow,14,27
Langflow,15,33
Langflow,16,34
Langflow,17,21
Langflow,18,32
Langflow,19,24
Langflow,20,5
Langflow,21,21
Langflow,22,32
Langflow,23,29
Langflow,24,27
Langflow,25,25
Langflow,26,21
Langflow,27,11
Langflow,28,23
Langflow,29,74
Langflow,30,46
Langflow,31,42
Langflow,32,38
Langflow,33,48
Langflow,34,71
Langflow,35,89
Langflow,36,41
Langflow,37,48
Langflow,38,43
Langflow,39,51
Langflow,40,70
Langflow,41,90
Langflow,42,114
Langflow,43,69
Langflow,44,34
Langflow,45,70
Langflow,46,57
Langflow,47,31
Langflow,48,57
Langflow,49,74
Langflow,50,56
Langflow,51,32
OpenWebUI,0,203
OpenWebUI,1,99
OpenWebUI,2,155
OpenWebUI,3,118
OpenWebUI,4,131
OpenWebUI,5,225
OpenWebUI,6,130
OpenWebUI,7,218
OpenWebUI,8,124
OpenWebUI,9,62
OpenWebUI,10,82
OpenWebUI,11,64
OpenWebUI,12,52
OpenWebUI,13,82
OpenWebUI,14,84
OpenWebUI,15,150
OpenWebUI,16,136
OpenWebUI,17,63
OpenWebUI,18,40
OpenWebUI,19,76
OpenWebUI,20,95
OpenWebUI,21,80
OpenWebUI,22,79
OpenWebUI,23,28
OpenWebUI,24,63
OpenWebUI,25,62
OpenWebUI,26,94
OpenWebUI,27,142
OpenWebUI,28,173
OpenWebUI,29,169
OpenWebUI,30,153
OpenWebUI,31,48
OpenWebUI,32,150
OpenWebUI,33,102
OpenWebUI,34,40
OpenWebUI,35,126
OpenWebUI,36,112
OpenWebUI,37,53
OpenWebUI,38,6
OpenWebUI,39,187
OpenWebUI,40,71
OpenWebUI,41,11
OpenWebUI,42,120
OpenWebUI,43,1
OpenWebUI,44,81
OpenWebUI,45,18
OpenWebUI,46,291
OpenWebUI,47,1
OpenWebUI,48,173
OpenWebUI,49,103
OpenWebUI,50,341
OpenWebUI,51,0
